Datetime,Open,High,Low,Close
2024-09-11 05:00:00+01:00,141.3939971923828,141.3979949951172,140.88699340820312,141.09100341796875
2024-09-11 06:00:00+01:00,141.08599853515625,141.29299926757812,140.70399475097656,141.2830047607422
2024-09-11 07:00:00+01:00,141.28199768066406,141.45199584960938,141.1439971923828,141.37399291992188
2024-09-11 08:00:00+01:00,141.37100219726562,141.54400634765625,141.1649932861328,141.38600158691406
2024-09-11 09:00:00+01:00,141.3820037841797,141.69900512695312,141.3280029296875,141.5279998779297
2024-09-11 10:00:00+01:00,141.53199768066406,141.57699584960938,141.28599548339844,141.5679931640625
2024-09-11 11:00:00+01:00,141.5709991455078,141.69400024414062,141.48399353027344,141.57000732421875
2024-09-11 12:00:00+01:00,141.5749969482422,141.82200622558594,141.49899291992188,141.68899536132812
2024-09-11 13:00:00+01:00,141.6840057373047,142.54600524902344,141.6840057373047,142.29200744628906
2024-09-11 14:00:00+01:00,142.29100036621094,142.4949951171875,141.7740020751953,141.81399536132812
2024-09-11 15:00:00+01:00,141.81500244140625,141.95599365234375,141.24400329589844,141.427001953125
2024-09-11 16:00:00+01:00,141.42999267578125,141.82000732421875,141.3769989013672,141.7220001220703
2024-09-11 17:00:00+01:00,141.7259979248047,142.03500366210938,141.72300720214844,141.94500732421875
2024-09-11 18:00:00+01:00,141.94400024414062,142.32400512695312,141.89199829101562,142.19900512695312
2024-09-11 19:00:00+01:00,142.2030029296875,142.25,142.08900451660156,142.19500732421875
2024-09-11 20:00:00+01:00,142.2010040283203,142.41099548339844,142.18800354003906,142.3730010986328
2024-09-11 21:00:00+01:00,142.3730010986328,142.45599365234375,142.33099365234375,142.3470001220703
2024-09-11 22:00:00+01:00,142.343994140625,142.343994140625,142.24099731445312,142.26600646972656
2024-09-11 23:00:00+01:00,142.27200317382812,142.47000122070312,142.2209930419922,142.4550018310547
2024-09-12 00:00:00+01:00,142.45700073242188,142.6739959716797,142.43699645996094,142.63600158691406
2024-09-12 01:00:00+01:00,142.63699340820312,142.94900512695312,142.60400390625,142.67799377441406
2024-09-12 02:00:00+01:00,142.6820068359375,142.70799255371094,142.25399780273438,142.54299926757812
2024-09-12 03:00:00+01:00,142.5399932861328,142.63299560546875,142.3419952392578,142.52499389648438
2024-09-12 04:00:00+01:00,142.52699279785156,142.61300659179688,142.34800720214844,142.58900451660156
2024-09-12 05:00:00+01:00,142.58700561523438,142.84300231933594,142.5760040283203,142.78599548339844
2024-09-12 06:00:00+01:00,142.77999877929688,142.91400146484375,142.61199951171875,142.83099365234375
2024-09-12 07:00:00+01:00,142.83200073242188,142.83999633789062,142.46299743652344,142.5749969482422
2024-09-12 08:00:00+01:00,142.5749969482422,143.04400634765625,142.5469970703125,142.76499938964844
2024-09-12 09:00:00+01:00,142.76400756835938,142.76400756835938,142.5279998779297,142.57899475097656
2024-09-12 10:00:00+01:00,142.58200073242188,142.71099853515625,142.51300048828125,142.67300415039062
2024-09-12 11:00:00+01:00,142.67100524902344,142.7760009765625,142.5850067138672,142.61900329589844
2024-09-12 12:00:00+01:00,142.6179962158203,142.64199829101562,142.36599731445312,142.56100463867188
2024-09-12 13:00:00+01:00,142.56300354003906,142.61900329589844,141.9510040283203,142.09800720214844
2024-09-12 14:00:00+01:00,142.09500122070312,142.43299865722656,141.90699768066406,142.00799560546875
2024-09-12 15:00:00+01:00,142.0070037841797,142.66099548339844,142.0019989013672,142.47799682617188
2024-09-12 16:00:00+01:00,142.48399353027344,142.5570068359375,142.19000244140625,142.24000549316406
2024-09-12 17:00:00+01:00,142.24000549316406,142.65499877929688,142.20799255371094,142.51400756835938
2024-09-12 18:00:00+01:00,142.51199340820312,142.5679931640625,142.23500061035156,142.27099609375
2024-09-12 19:00:00+01:00,142.26699829101562,142.36599731445312,141.9080047607422,142.02200317382812
2024-09-12 20:00:00+01:00,142.02099609375,142.08999633789062,141.7469940185547,141.88099670410156
2024-09-12 21:00:00+01:00,141.8800048828125,141.9239959716797,141.7209930419922,141.79100036621094
2024-09-12 22:00:00+01:00,141.802001953125,141.8419952392578,141.75599670410156,141.8159942626953
2024-09-12 23:00:00+01:00,141.82000732421875,141.875,141.69000244140625,141.80799865722656
2024-09-13 00:00:00+01:00,141.83900451660156,141.84100341796875,141.42100524902344,141.5030059814453
2024-09-13 01:00:00+01:00,141.50900268554688,141.5570068359375,141.16000366210938,141.1959991455078
2024-09-13 02:00:00+01:00,141.1909942626953,141.29400634765625,140.9969940185547,141.2259979248047
2024-09-13 03:00:00+01:00,141.22500610351562,141.28900146484375,140.7740020751953,141.03500366210938
2024-09-13 04:00:00+01:00,141.03500366210938,141.1320037841797,140.81199645996094,140.97500610351562
2024-09-13 05:00:00+01:00,140.9759979248047,141.02000427246094,140.63900756835938,140.95399475097656
2024-09-13 06:00:00+01:00,140.9499969482422,141.1750030517578,140.74000549316406,140.86099243164062
2024-09-13 07:00:00+01:00,140.86000061035156,141.17300415039062,140.822998046875,141.08799743652344
2024-09-13 08:00:00+01:00,141.08700561523438,141.41400146484375,140.8159942626953,140.91200256347656
2024-09-13 09:00:00+01:00,140.91299438476562,140.968994140625,140.406005859375,140.6999969482422
2024-09-13 10:00:00+01:00,140.6999969482422,140.72900390625,140.35800170898438,140.57200622558594
2024-09-13 11:00:00+01:00,140.56900024414062,140.71800231933594,140.36099243164062,140.6929931640625
2024-09-13 12:00:00+01:00,140.69700622558594,140.97900390625,140.593994140625,140.83099365234375
2024-09-13 13:00:00+01:00,140.8300018310547,141.02000427246094,140.6959991455078,140.7259979248047
2024-09-13 14:00:00+01:00,140.7259979248047,140.72799682617188,140.2779998779297,140.35899353027344
2024-09-13 15:00:00+01:00,140.3520050048828,140.77499389648438,140.281005859375,140.63900756835938
2024-09-13 16:00:00+01:00,140.63900756835938,140.67599487304688,140.33799743652344,140.66099548339844
2024-09-13 17:00:00+01:00,140.6649932861328,140.94200134277344,140.58599853515625,140.80599975585938
2024-09-13 18:00:00+01:00,140.8070068359375,140.96400451660156,140.76499938964844,140.90899658203125
2024-09-13 19:00:00+01:00,140.9080047607422,141.0070037841797,140.83200073242188,140.92799377441406
2024-09-13 20:00:00+01:00,140.93099975585938,140.96600341796875,140.8800048828125,140.92999267578125
2024-09-13 21:00:00+01:00,140.92599487304688,140.93699645996094,140.76400756835938,140.77999877929688
2024-09-13 22:00:00+01:00,140.76400756835938,140.76400756835938,140.76400756835938,140.76400756835938
2024-09-16 00:00:00+01:00,140.68600463867188,140.89700317382812,140.677001953125,140.843994140625
2024-09-16 01:00:00+01:00,140.843994140625,140.8489990234375,140.41799926757812,140.52499389648438
2024-09-16 02:00:00+01:00,140.52499389648438,140.58599853515625,140.44200134277344,140.53799438476562
2024-09-16 03:00:00+01:00,140.5399932861328,140.56300354003906,140.46800231933594,140.531005859375
2024-09-16 04:00:00+01:00,140.53399658203125,140.54299926757812,140.04100036621094,140.1199951171875
2024-09-16 05:00:00+01:00,140.1199951171875,140.3040008544922,139.94500732421875,140.21499633789062
2024-09-16 06:00:00+01:00,140.2100067138672,140.28700256347656,140.06199645996094,140.19200134277344
2024-09-16 07:00:00+01:00,140.19400024414062,140.23399353027344,139.7209930419922,139.8509979248047
2024-09-16 08:00:00+01:00,139.8520050048828,139.93499755859375,139.57200622558594,139.875
2024-09-16 09:00:00+01:00,139.8719940185547,139.94400024414062,139.72799682617188,139.8509979248047
2024-09-16 10:00:00+01:00,139.85000610351562,140.27499389648438,139.82400512695312,140.20599365234375
2024-09-16 11:00:00+01:00,140.2050018310547,140.23199462890625,140.02099609375,140.12399291992188
2024-09-16 12:00:00+01:00,140.1199951171875,140.1649932861328,139.87399291992188,139.88600158691406
2024-09-16 13:00:00+01:00,139.88600158691406,140.4429931640625,139.7480010986328,140.23500061035156
2024-09-16 14:00:00+01:00,140.2310028076172,140.4810028076172,140.20799255371094,140.4550018310547
2024-09-16 15:00:00+01:00,140.45700073242188,140.70799255371094,140.32000732421875,140.44700622558594
2024-09-16 16:00:00+01:00,140.4459991455078,140.91200256347656,140.4239959716797,140.7969970703125
2024-09-16 17:00:00+01:00,140.8000030517578,140.85699462890625,140.59800720214844,140.63999938964844
2024-09-16 18:00:00+01:00,140.64199829101562,140.76600646972656,140.5959930419922,140.6750030517578
2024-09-16 19:00:00+01:00,140.677001953125,140.74000549316406,140.60699462890625,140.71299743652344
2024-09-16 20:00:00+01:00,140.71299743652344,140.88099670410156,140.69200134277344,140.7050018310547
2024-09-16 21:00:00+01:00,140.69700622558594,140.72000122070312,140.5570068359375,140.60400390625
2024-09-16 22:00:00+01:00,140.5989990234375,140.64100646972656,140.5449981689453,140.6009979248047
2024-09-16 23:00:00+01:00,140.60699462890625,140.86599731445312,140.5970001220703,140.85899353027344
2024-09-17 00:00:00+01:00,140.86000061035156,141.24099731445312,140.74899291992188,140.79299926757812
2024-09-17 01:00:00+01:00,140.79200744628906,140.84500122070312,140.4669952392578,140.66200256347656
2024-09-17 02:00:00+01:00,140.65899658203125,140.6699981689453,140.33700561523438,140.4429931640625
2024-09-17 03:00:00+01:00,140.43899536132812,140.58799743652344,140.31500244140625,140.572998046875
2024-09-17 04:00:00+01:00,140.57200622558594,140.66700744628906,140.45799255371094,140.5959930419922
2024-09-17 05:00:00+01:00,140.59500122070312,140.7530059814453,140.5679931640625,140.6750030517578
2024-09-17 06:00:00+01:00,140.67799377441406,140.8040008544922,140.5,140.70599365234375
2024-09-17 07:00:00+01:00,140.70399475097656,140.72300720214844,140.51100158691406,140.67799377441406
2024-09-17 08:00:00+01:00,140.6790008544922,140.69700622558594,140.343994140625,140.60000610351562
2024-09-17 09:00:00+01:00,140.60000610351562,140.69500732421875,140.4340057373047,140.57400512695312
2024-09-17 10:00:00+01:00,140.57000732421875,140.64999389648438,140.468994140625,140.6439971923828
2024-09-17 11:00:00+01:00,140.64100646972656,140.6840057373047,140.5679931640625,140.6649932861328
2024-09-17 12:00:00+01:00,140.6649932861328,140.74099731445312,140.4770050048828,140.60400390625
2024-09-17 13:00:00+01:00,140.60499572753906,141.1280059814453,140.53599548339844,140.97000122070312
2024-09-17 14:00:00+01:00,140.96600341796875,141.66400146484375,140.86099243164062,141.58099365234375
2024-09-17 15:00:00+01:00,141.5800018310547,141.9010009765625,141.5260009765625,141.69500732421875
2024-09-17 16:00:00+01:00,141.69900512695312,141.81399536132812,141.57400512695312,141.7740020751953
2024-09-17 17:00:00+01:00,141.76800537109375,141.99400329589844,141.68600463867188,141.72799682617188
2024-09-17 18:00:00+01:00,141.7270050048828,142.00599670410156,141.71499633789062,141.9010009765625
2024-09-17 19:00:00+01:00,141.90199279785156,141.98699951171875,141.7899932861328,141.80599975585938
2024-09-17 20:00:00+01:00,141.8090057373047,142.2969970703125,141.7760009765625,142.22300720214844
2024-09-17 21:00:00+01:00,142.22000122070312,142.46499633789062,142.19200134277344,142.39300537109375
2024-09-17 22:00:00+01:00,142.38699340820312,142.39700317382812,142.29200744628906,142.34100341796875
2024-09-17 23:00:00+01:00,142.33299255371094,142.37600708007812,142.00799560546875,142.03500366210938
2024-09-18 00:00:00+01:00,142.0399932861328,142.0970001220703,141.88999938964844,142.0019989013672
2024-09-18 01:00:00+01:00,142.00799560546875,142.02000427246094,141.54600524902344,141.6439971923828
2024-09-18 02:00:00+01:00,141.64300537109375,141.76199340820312,141.4669952392578,141.51499938964844
2024-09-18 03:00:00+01:00,141.51600646972656,141.62399291992188,141.375,141.46800231933594
2024-09-18 04:00:00+01:00,141.46800231933594,141.46800231933594,141.28700256347656,141.39300537109375
2024-09-18 05:00:00+01:00,141.38999938964844,141.55499267578125,141.21800231933594,141.31500244140625
2024-09-18 06:00:00+01:00,141.31399536132812,141.54200744628906,141.2760009765625,141.53199768066406
2024-09-18 07:00:00+01:00,141.53199768066406,141.70399475097656,141.43600463867188,141.54200744628906
2024-09-18 08:00:00+01:00,141.5449981689453,141.9290008544922,141.52699279785156,141.8769989013672
2024-09-18 09:00:00+01:00,141.875,141.99600219726562,141.64599609375,141.7100067138672
2024-09-18 10:00:00+01:00,141.70799255371094,141.80999755859375,141.56399536132812,141.64500427246094
2024-09-18 11:00:00+01:00,141.64700317382812,141.70799255371094,141.5449981689453,141.60499572753906
2024-09-18 12:00:00+01:00,141.60400390625,141.91200256347656,141.55599975585938,141.84100341796875
2024-09-18 13:00:00+01:00,141.84100341796875,142.0590057373047,141.80799865722656,141.92599487304688
2024-09-18 14:00:00+01:00,141.86900329589844,141.91000366210938,141.6739959716797,141.75999450683594
2024-09-18 15:00:00+01:00,141.75900268554688,142.0659942626953,141.6909942626953,141.9980010986328
2024-09-18 16:00:00+01:00,142.0019989013672,142.03599548339844,141.85699462890625,141.92999267578125
2024-09-18 17:00:00+01:00,141.9340057373047,141.98899841308594,141.83599853515625,141.8820037841797
2024-09-18 18:00:00+01:00,141.87899780273438,142.06399536132812,141.80299377441406,141.906005859375
2024-09-18 19:00:00+01:00,141.96200561523438,141.96600341796875,140.43299865722656,141.12600708007812
2024-09-18 20:00:00+01:00,141.31100463867188,142.71099853515625,141.31100463867188,142.43600463867188
2024-09-18 21:00:00+01:00,142.4409942626953,142.49099731445312,142.1959991455078,142.2729949951172
2024-09-18 22:00:00+01:00,142.26800537109375,142.30499267578125,142.08399963378906,142.09800720214844
2024-09-18 23:00:00+01:00,142.09800720214844,142.20799255371094,141.87600708007812,142.09500122070312
2024-09-19 00:00:00+01:00,142.10699462890625,142.76300048828125,142.10400390625,142.6999969482422
2024-09-19 01:00:00+01:00,142.69900512695312,143.59100341796875,142.697998046875,143.48300170898438
2024-09-19 02:00:00+01:00,143.4810028076172,143.94400024414062,143.41400146484375,143.7239990234375
2024-09-19 03:00:00+01:00,143.7220001220703,143.76400756835938,143.16600036621094,143.19700622558594
2024-09-19 04:00:00+01:00,143.19700622558594,143.32000732421875,142.94400024414062,143.1649932861328
2024-09-19 05:00:00+01:00,143.16299438476562,143.29299926757812,143.0500030517578,143.17599487304688
2024-09-19 06:00:00+01:00,143.17300415039062,143.1999969482422,142.54600524902344,142.57200622558594
2024-09-19 07:00:00+01:00,142.572998046875,142.75599670410156,142.093994140625,142.2429962158203
2024-09-19 08:00:00+01:00,142.24600219726562,142.54800415039062,142.03500366210938,142.50799560546875
2024-09-19 09:00:00+01:00,142.50599670410156,142.91700744628906,142.4499969482422,142.79200744628906
2024-09-19 10:00:00+01:00,142.79200744628906,142.9770050048828,142.6790008544922,142.7570037841797
2024-09-19 11:00:00+01:00,142.7550048828125,143.17100524902344,142.7220001220703,142.8300018310547
2024-09-19 12:00:00+01:00,142.8280029296875,143.2530059814453,142.75599670410156,142.91700744628906
2024-09-19 13:00:00+01:00,142.91700744628906,143.75999450683594,142.70399475097656,143.75599670410156
2024-09-19 14:00:00+01:00,143.7550048828125,143.76800537109375,143.2760009765625,143.3300018310547
2024-09-19 15:00:00+01:00,143.32899475097656,143.33700561523438,142.7949981689453,142.9080047607422
2024-09-19 16:00:00+01:00,142.91099548339844,142.98500061035156,142.72799682617188,142.88099670410156
2024-09-19 17:00:00+01:00,142.8780059814453,143.13400268554688,142.84800720214844,143.03599548339844
2024-09-19 18:00:00+01:00,143.03399658203125,143.11500549316406,142.89199829101562,142.91600036621094
2024-09-19 19:00:00+01:00,142.9149932861328,142.93099975585938,142.5240020751953,142.6580047607422
2024-09-19 20:00:00+01:00,142.66000366210938,142.74400329589844,142.5679931640625,142.63099670410156
2024-09-19 21:00:00+01:00,142.6300048828125,142.6739959716797,142.5189971923828,142.61300659179688
2024-09-19 22:00:00+01:00,142.61199951171875,142.63999938964844,142.5260009765625,142.62399291992188
2024-09-19 23:00:00+01:00,142.61399841308594,142.63400268554688,142.51400756835938,142.58700561523438
2024-09-20 00:00:00+01:00,142.66000366210938,142.92599487304688,142.6439971923828,142.86099243164062
2024-09-20 01:00:00+01:00,142.86199951171875,142.89700317382812,142.40499877929688,142.40699768066406
2024-09-20 02:00:00+01:00,142.40699768066406,142.47799682617188,142.13600158691406,142.39700317382812
2024-09-20 03:00:00+01:00,142.3979949951172,142.78199768066406,142.29600524902344,142.46200561523438
2024-09-20 04:00:00+01:00,142.46200561523438,142.4810028076172,141.947998046875,142.29100036621094
2024-09-20 05:00:00+01:00,142.28900146484375,142.30799865722656,142.09500122070312,142.1840057373047
2024-09-20 06:00:00+01:00,142.1840057373047,142.3719940185547,142.13900756835938,142.27999877929688
2024-09-20 07:00:00+01:00,142.2779998779297,143.04299926757812,141.73300170898438,142.97999572753906
2024-09-20 08:00:00+01:00,142.97900390625,143.64599609375,142.8159942626953,143.6280059814453
2024-09-20 09:00:00+01:00,143.6219940185547,143.8820037841797,143.47300720214844,143.8070068359375
2024-09-20 10:00:00+01:00,143.80299377441406,143.94500732421875,143.63999938964844,143.93600463867188
2024-09-20 11:00:00+01:00,143.93699645996094,144.26699829101562,143.76800537109375,144.2530059814453
2024-09-20 12:00:00+01:00,144.2530059814453,144.42999267578125,144.20700073242188,144.21499633789062
2024-09-20 13:00:00+01:00,144.21600341796875,144.28500366210938,143.572998046875,143.66700744628906
2024-09-20 14:00:00+01:00,143.66600036621094,144.08999633789062,143.46299743652344,144.07200622558594
2024-09-20 15:00:00+01:00,144.0679931640625,144.44500732421875,144.0240020751953,144.42300415039062
2024-09-20 16:00:00+01:00,144.41700744628906,144.4949951171875,143.83999633789062,143.906005859375
2024-09-20 17:00:00+01:00,143.90699768066406,143.92999267578125,143.64199829101562,143.7530059814453
2024-09-20 18:00:00+01:00,143.7530059814453,144.1510009765625,143.73199462890625,143.97500610351562
2024-09-20 19:00:00+01:00,143.9739990234375,143.9810028076172,143.7949981689453,143.8699951171875
2024-09-20 20:00:00+01:00,143.8699951171875,143.9219970703125,143.71499633789062,143.91799926757812
2024-09-20 21:00:00+01:00,143.91700744628906,144.04800415039062,143.80799865722656,143.80799865722656
2024-09-23 00:00:00+01:00,143.92300415039062,144.08900451660156,143.802001953125,144.07899475097656
2024-09-23 01:00:00+01:00,144.06500244140625,144.25799560546875,144.02499389648438,144.11599731445312
2024-09-23 02:00:00+01:00,144.11700439453125,144.45899963378906,144.11599731445312,144.36700439453125
2024-09-23 03:00:00+01:00,144.37100219726562,144.44900512695312,144.302001953125,144.35699462890625
2024-09-23 04:00:00+01:00,144.36099243164062,144.4010009765625,144.25599670410156,144.31199645996094
2024-09-23 05:00:00+01:00,144.31199645996094,144.35000610351562,144.177001953125,144.2550048828125
2024-09-23 06:00:00+01:00,144.25,144.31900024414062,144.09500122070312,144.11199951171875
2024-09-23 07:00:00+01:00,144.11099243164062,144.1959991455078,143.86199951171875,143.98899841308594
2024-09-23 08:00:00+01:00,143.98800659179688,144.04100036621094,143.5590057373047,143.6649932861328
2024-09-23 09:00:00+01:00,143.66000366210938,143.7449951171875,143.43099975585938,143.58900451660156
2024-09-23 10:00:00+01:00,143.58799743652344,143.74600219726562,143.51300048828125,143.625
2024-09-23 11:00:00+01:00,143.62399291992188,143.66700744628906,143.2740020751953,143.37100219726562
2024-09-23 12:00:00+01:00,143.3679962158203,143.64500427246094,143.16000366210938,143.60699462890625
2024-09-23 13:00:00+01:00,143.60299682617188,143.87600708007812,143.4510040283203,143.77200317382812
2024-09-23 14:00:00+01:00,143.76800537109375,144.2050018310547,143.44900512695312,144.052001953125
2024-09-23 15:00:00+01:00,144.0570068359375,144.34500122070312,143.70599365234375,143.77099609375
2024-09-23 16:00:00+01:00,143.77099609375,143.94200134277344,143.56700134277344,143.58999633789062
2024-09-23 17:00:00+01:00,143.59300231933594,143.6269989013672,143.30799865722656,143.3419952392578
2024-09-23 18:00:00+01:00,143.33799743652344,143.4029998779297,143.2480010986328,143.4029998779297
2024-09-23 19:00:00+01:00,143.4040069580078,143.43600463867188,143.28799438476562,143.31900024414062
2024-09-23 20:00:00+01:00,143.31700134277344,143.50999450683594,143.3159942626953,143.48899841308594
2024-09-23 21:00:00+01:00,143.48899841308594,143.64500427246094,143.48399353027344,143.59800720214844
2024-09-23 22:00:00+01:00,143.57699584960938,143.5919952392578,143.46800231933594,143.57400512695312
2024-09-23 23:00:00+01:00,143.56199645996094,143.6999969482422,143.54600524902344,143.6280059814453
2024-09-24 00:00:00+01:00,143.62399291992188,143.77999877929688,143.51199340820312,143.6280059814453
2024-09-24 01:00:00+01:00,143.6320037841797,143.73500061035156,143.4040069580078,143.55099487304688
2024-09-24 02:00:00+01:00,143.5500030517578,143.91099548339844,143.52099609375,143.6300048828125
2024-09-24 03:00:00+01:00,143.62600708007812,143.71299743652344,143.3699951171875,143.66600036621094
2024-09-24 04:00:00+01:00,143.66299438476562,143.85499572753906,143.56399536132812,143.77099609375
2024-09-24 05:00:00+01:00,143.77200317382812,143.9409942626953,143.7469940185547,143.83900451660156
2024-09-24 06:00:00+01:00,143.83799743652344,144.19400024414062,143.83399963378906,144.09100341796875
2024-09-24 07:00:00+01:00,144.08799743652344,144.4669952392578,144.06700134277344,144.42599487304688
2024-09-24 08:00:00+01:00,144.4219970703125,144.677001953125,144.23199462890625,144.45199584960938
2024-09-24 09:00:00+01:00,144.4510040283203,144.63499450683594,144.21099853515625,144.28799438476562
2024-09-24 10:00:00+01:00,144.28900146484375,144.4770050048828,144.20599365234375,144.26499938964844
2024-09-24 11:00:00+01:00,144.26199340820312,144.35400390625,143.87100219726562,143.93499755859375
2024-09-24 12:00:00+01:00,143.93499755859375,144.16400146484375,143.82400512695312,143.97000122070312
2024-09-24 13:00:00+01:00,143.97300720214844,144.12100219726562,143.781005859375,143.96200561523438
2024-09-24 14:00:00+01:00,143.96299743652344,144.20700073242188,143.89500427246094,144.09800720214844
2024-09-24 15:00:00+01:00,144.1009979248047,144.10499572753906,143.42599487304688,143.6699981689453
2024-09-24 16:00:00+01:00,143.6699981689453,143.8699951171875,143.59500122070312,143.7760009765625
2024-09-24 17:00:00+01:00,143.7760009765625,143.79400634765625,143.39500427246094,143.45599365234375
2024-09-24 18:00:00+01:00,143.46400451660156,143.71099853515625,143.42599487304688,143.47500610351562
2024-09-24 19:00:00+01:00,143.47500610351562,143.49400329589844,143.26800537109375,143.38299560546875
2024-09-24 20:00:00+01:00,143.38400268554688,143.43600463867188,143.21800231933594,143.23899841308594
2024-09-24 21:00:00+01:00,143.23699951171875,143.2570037841797,143.10800170898438,143.21099853515625
2024-09-24 22:00:00+01:00,143.20799255371094,143.25,143.1219940185547,143.15899658203125
2024-09-24 23:00:00+01:00,143.15899658203125,143.24600219726562,142.88400268554688,143.0330047607422
2024-09-25 00:00:00+01:00,143.04299926757812,143.1479949951172,142.927001953125,142.9459991455078
2024-09-25 01:00:00+01:00,142.94400024414062,143.30799865722656,142.9040069580078,143.17300415039062
2024-09-25 02:00:00+01:00,143.17300415039062,143.4739990234375,143.09300231933594,143.44200134277344
2024-09-25 03:00:00+01:00,143.44400024414062,143.49400329589844,143.24200439453125,143.34500122070312
2024-09-25 04:00:00+01:00,143.3470001220703,143.4510040283203,143.27999877929688,143.29800415039062
2024-09-25 05:00:00+01:00,143.29200744628906,143.39500427246094,143.21600341796875,143.2530059814453
2024-09-25 06:00:00+01:00,143.25100708007812,143.37600708007812,143.1739959716797,143.2550048828125
2024-09-25 07:00:00+01:00,143.2550048828125,143.73899841308594,143.21800231933594,143.67799377441406
2024-09-25 08:00:00+01:00,143.67999267578125,143.90699768066406,143.57200622558594,143.87899780273438
2024-09-25 09:00:00+01:00,143.87899780273438,144.06399536132812,143.8780059814453,143.93699645996094
2024-09-25 10:00:00+01:00,143.93800354003906,144.25999450683594,143.9029998779297,144.1840057373047
2024-09-25 11:00:00+01:00,144.18099975585938,144.29600524902344,144.06399536132812,144.28199768066406
2024-09-25 12:00:00+01:00,144.28199768066406,144.44200134277344,144.25900268554688,144.30299377441406
2024-09-25 13:00:00+01:00,144.2989959716797,144.41000366210938,144.13800048828125,144.1999969482422
2024-09-25 14:00:00+01:00,144.19900512695312,144.21200561523438,143.85400390625,144.0469970703125
2024-09-25 15:00:00+01:00,144.0500030517578,144.39599609375,144.0399932861328,144.35800170898438
2024-09-25 16:00:00+01:00,144.35699462890625,144.60299682617188,144.30599975585938,144.3979949951172
2024-09-25 17:00:00+01:00,144.4010009765625,144.53799438476562,144.3699951171875,144.5330047607422
2024-09-25 18:00:00+01:00,144.53199768066406,144.74099731445312,144.4770050048828,144.55099487304688
2024-09-25 19:00:00+01:00,144.5489959716797,144.7169952392578,144.51100158691406,144.67599487304688
2024-09-25 20:00:00+01:00,144.677001953125,144.76800537109375,144.60499572753906,144.75799560546875
2024-09-25 21:00:00+01:00,144.7570037841797,144.8419952392578,144.7220001220703,144.74600219726562
2024-09-25 22:00:00+01:00,144.73199462890625,144.76600646972656,144.6280059814453,144.6479949951172
2024-09-25 23:00:00+01:00,144.66099548339844,144.67999267578125,144.53599548339844,144.64300537109375
2024-09-26 00:00:00+01:00,144.64700317382812,144.7729949951172,144.6060028076172,144.71400451660156
2024-09-26 01:00:00+01:00,144.71400451660156,144.7220001220703,144.43800354003906,144.49400329589844
2024-09-26 02:00:00+01:00,144.48899841308594,144.94500732421875,144.4669952392578,144.81199645996094
2024-09-26 03:00:00+01:00,144.81300354003906,144.94500732421875,144.75900268554688,144.8300018310547
2024-09-26 04:00:00+01:00,144.8350067138672,145.03700256347656,144.78399658203125,144.927001953125
2024-09-26 05:00:00+01:00,144.92599487304688,144.96600341796875,144.6199951171875,144.68800354003906
2024-09-26 06:00:00+01:00,144.6909942626953,144.8699951171875,144.6320037841797,144.71499633789062
2024-09-26 07:00:00+01:00,144.71499633789062,144.85699462890625,144.61199951171875,144.82899475097656
2024-09-26 08:00:00+01:00,144.8300018310547,145.1719970703125,144.71299743652344,145.02499389648438
2024-09-26 09:00:00+01:00,145.0240020751953,145.19900512695312,144.67799377441406,144.822998046875
2024-09-26 10:00:00+01:00,144.8249969482422,144.96800231933594,144.69700622558594,144.7030029296875
2024-09-26 11:00:00+01:00,144.7050018310547,144.7469940185547,144.33299255371094,144.35699462890625
2024-09-26 12:00:00+01:00,144.35699462890625,144.43299865722656,144.14999389648438,144.16299438476562
2024-09-26 13:00:00+01:00,144.16299438476562,144.72300720214844,144.10400390625,144.5590057373047
2024-09-26 14:00:00+01:00,144.56300354003906,144.70399475097656,144.2989959716797,144.59300231933594
2024-09-26 15:00:00+01:00,144.58299255371094,145.22000122070312,144.552001953125,144.83200073242188
2024-09-26 16:00:00+01:00,144.83299255371094,144.94700622558594,144.60499572753906,144.6739959716797
2024-09-26 17:00:00+01:00,144.677001953125,144.9040069580078,144.6750030517578,144.8560028076172
2024-09-26 18:00:00+01:00,144.85400390625,144.8560028076172,144.5330047607422,144.71600341796875
2024-09-26 19:00:00+01:00,144.71299743652344,144.7729949951172,144.55999755859375,144.62399291992188
2024-09-26 20:00:00+01:00,144.6199951171875,144.68600463867188,144.50399780273438,144.6580047607422
2024-09-26 21:00:00+01:00,144.66099548339844,144.8990020751953,144.65499877929688,144.80499267578125
2024-09-26 22:00:00+01:00,144.77499389648438,144.83599853515625,144.7030029296875,144.77000427246094
2024-09-26 23:00:00+01:00,144.76699829101562,144.97000122070312,144.74600219726562,144.85699462890625
2024-09-27 00:00:00+01:00,144.8679962158203,145.14199829101562,144.86700439453125,145.08200073242188
2024-09-27 01:00:00+01:00,145.0780029296875,145.47300720214844,144.92999267578125,145.4550018310547
2024-09-27 02:00:00+01:00,145.46200561523438,145.5760040283203,145.26699829101562,145.30499267578125
2024-09-27 03:00:00+01:00,145.30099487304688,145.34500122070312,144.9600067138672,145.09100341796875
2024-09-27 04:00:00+01:00,145.08700561523438,145.26300048828125,144.97799682617188,145.2530059814453
2024-09-27 05:00:00+01:00,145.24899291992188,145.8000030517578,145.24400329589844,145.79200744628906
2024-09-27 06:00:00+01:00,145.79200744628906,146.49099731445312,145.7530059814453,146.25599670410156
2024-09-27 07:00:00+01:00,146.2530059814453,146.3520050048828,143.1300048828125,143.17100524902344
2024-09-27 08:00:00+01:00,143.17100524902344,143.46800231933594,142.77000427246094,143.1929931640625
2024-09-27 09:00:00+01:00,143.18699645996094,143.7689971923828,142.94200134277344,143.14199829101562
2024-09-27 10:00:00+01:00,143.13800048828125,143.4949951171875,143.06199645996094,143.1280059814453
2024-09-27 11:00:00+01:00,143.1300048828125,143.3280029296875,142.95799255371094,143.218994140625
2024-09-27 12:00:00+01:00,143.22300720214844,143.36500549316406,143.0850067138672,143.10299682617188
2024-09-27 13:00:00+01:00,143.10699462890625,143.22000122070312,142.4949951171875,142.51300048828125
2024-09-27 14:00:00+01:00,142.52099609375,142.99400329589844,142.49000549316406,142.53599548339844
2024-09-27 15:00:00+01:00,142.53799438476562,143.0709991455078,142.3800048828125,142.85699462890625
2024-09-27 16:00:00+01:00,142.8560028076172,143.08599853515625,142.5570068359375,142.5959930419922
2024-09-27 17:00:00+01:00,142.5989990234375,142.70199584960938,142.40699768066406,142.50799560546875
2024-09-27 18:00:00+01:00,142.5030059814453,142.60299682617188,142.2790069580078,142.32699584960938
2024-09-27 19:00:00+01:00,142.32699584960938,142.41600036621094,142.0749969482422,142.16799926757812
2024-09-27 20:00:00+01:00,142.1699981689453,142.26499938964844,142.06199645996094,142.1490020751953
2024-09-27 21:00:00+01:00,142.1540069580078,142.28199768066406,142.11900329589844,142.14999389648438
2024-09-30 00:00:00+01:00,142.6699981689453,142.95199584960938,142.5780029296875,142.7899932861328
2024-09-30 01:00:00+01:00,142.7899932861328,142.84100341796875,142.45199584960938,142.68499755859375
2024-09-30 02:00:00+01:00,142.68099975585938,142.84300231933594,142.4080047607422,142.46600341796875
2024-09-30 03:00:00+01:00,142.46499633789062,142.55299377441406,142.26400756835938,142.5260009765625
2024-09-30 04:00:00+01:00,142.52200317382812,142.5260009765625,142.32899475097656,142.447998046875
2024-09-30 05:00:00+01:00,142.44700622558594,142.50100708007812,142.07699584960938,142.12600708007812
2024-09-30 06:00:00+01:00,142.125,142.1580047607422,141.65199279785156,141.7030029296875
2024-09-30 07:00:00+01:00,141.70399475097656,142.07899475097656,141.63800048828125,142.04800415039062
2024-09-30 08:00:00+01:00,142.05299377441406,142.42799377441406,141.9250030517578,142.36599731445312
2024-09-30 09:00:00+01:00,142.36300659179688,142.5800018310547,142.33700561523438,142.53500366210938
2024-09-30 10:00:00+01:00,142.53199768066406,142.6020050048828,142.4459991455078,142.5290069580078
2024-09-30 11:00:00+01:00,142.5279998779297,142.79800415039062,142.5279998779297,142.593994140625
2024-09-30 12:00:00+01:00,142.6020050048828,142.61099243164062,142.3979949951172,142.56100463867188
2024-09-30 13:00:00+01:00,142.56100463867188,142.99899291992188,142.53799438476562,142.94400024414062
2024-09-30 14:00:00+01:00,142.9429931640625,143.14199829101562,142.74099731445312,143.12399291992188
2024-09-30 15:00:00+01:00,143.12100219726562,143.19000244140625,142.8179931640625,143.0330047607422
2024-09-30 16:00:00+01:00,143.03199768066406,143.3679962158203,142.99200439453125,143.26199340820312
2024-09-30 17:00:00+01:00,143.25599670410156,143.322998046875,143.07000732421875,143.11000061035156
2024-09-30 18:00:00+01:00,143.10800170898438,143.1280059814453,142.92300415039062,143.09300231933594
2024-09-30 19:00:00+01:00,143.08900451660156,143.9149932861328,143.08700561523438,143.6840057373047
2024-09-30 20:00:00+01:00,143.6820068359375,143.90899658203125,143.63800048828125,143.72900390625
2024-09-30 21:00:00+01:00,143.72900390625,143.74600219726562,143.593994140625,143.62600708007812
2024-09-30 22:00:00+01:00,143.6199951171875,143.63999938964844,143.53700256347656,143.5749969482422
2024-09-30 23:00:00+01:00,143.55999755859375,143.6999969482422,143.5279998779297,143.55499267578125
2024-10-01 00:00:00+01:00,143.552001953125,143.73399353027344,143.36599731445312,143.71099853515625
2024-10-01 01:00:00+01:00,143.71400451660156,144.11900329589844,143.67999267578125,143.96099853515625
2024-10-01 02:00:00+01:00,143.96200561523438,144.13099670410156,143.6790008544922,143.71499633789062
2024-10-01 03:00:00+01:00,143.71200561523438,144.02200317382812,143.6540069580078,144.0019989013672
2024-10-01 04:00:00+01:00,144.00399780273438,144.33099365234375,143.947998046875,144.27200317382812
2024-10-01 05:00:00+01:00,144.26800537109375,144.39599609375,144.21800231933594,144.27200317382812
2024-10-01 06:00:00+01:00,144.2729949951172,144.41299438476562,144.2169952392578,144.25399780273438
2024-10-01 07:00:00+01:00,144.26300048828125,144.52999877929688,144.17799377441406,144.343994140625
2024-10-01 08:00:00+01:00,144.33299255371094,144.3489990234375,143.8780059814453,144.17300415039062
2024-10-01 09:00:00+01:00,144.16799926757812,144.22500610351562,143.69400024414062,143.80499267578125
2024-10-01 10:00:00+01:00,143.8040008544922,143.8350067138672,143.61599731445312,143.72999572753906
2024-10-01 11:00:00+01:00,143.7310028076172,143.79600524902344,143.6719970703125,143.73399353027344
2024-10-01 12:00:00+01:00,143.73599243164062,143.78799438476562,143.55799865722656,143.75100708007812
2024-10-01 13:00:00+01:00,143.7519989013672,144.06700134277344,143.6750030517578,144.03500366210938
2024-10-01 14:00:00+01:00,144.0399932861328,144.0709991455078,143.1750030517578,143.51300048828125
2024-10-01 15:00:00+01:00,143.51199340820312,143.84300231933594,142.96400451660156,143.59800720214844
2024-10-01 16:00:00+01:00,143.60299682617188,143.9219970703125,143.5240020751953,143.67300415039062
2024-10-01 17:00:00+01:00,143.67300415039062,143.71800231933594,143.2570037841797,143.6300048828125
2024-10-01 18:00:00+01:00,143.63400268554688,143.85299682617188,143.31500244140625,143.81300354003906
2024-10-01 19:00:00+01:00,143.81900024414062,143.91900634765625,143.59300231933594,143.66600036621094
2024-10-01 20:00:00+01:00,143.66700744628906,143.7429962158203,143.5070037841797,143.5449981689453
2024-10-01 21:00:00+01:00,143.5540008544922,143.58900451660156,143.4949951171875,143.55299377441406
2024-10-01 22:00:00+01:00,143.55299377441406,143.6320037841797,143.51100158691406,143.60299682617188
2024-10-01 23:00:00+01:00,143.6060028076172,143.66200256347656,143.4149932861328,143.4929962158203
2024-10-02 00:00:00+01:00,143.51199340820312,143.75999450683594,143.5019989013672,143.72300720214844
2024-10-02 01:00:00+01:00,143.7239990234375,143.88099670410156,143.64599609375,143.8159942626953
2024-10-02 02:00:00+01:00,143.81199645996094,143.91200256347656,143.5570068359375,143.89300537109375
2024-10-02 03:00:00+01:00,143.89599609375,144.0240020751953,143.85499572753906,144.0
2024-10-02 04:00:00+01:00,143.9969940185547,144.18499755859375,143.87600708007812,144.1320037841797
2024-10-02 05:00:00+01:00,144.1320037841797,144.1510009765625,143.5709991455078,143.72999572753906
2024-10-02 06:00:00+01:00,143.72799682617188,143.85299682617188,143.5240020751953,143.70899963378906
2024-10-02 07:00:00+01:00,143.70899963378906,144.0070037841797,143.6529998779297,143.89300537109375
2024-10-02 08:00:00+01:00,143.89300537109375,144.17799377441406,143.89300537109375,144.06500244140625
2024-10-02 09:00:00+01:00,144.05999755859375,144.3249969482422,143.94400024414062,144.3179931640625
2024-10-02 10:00:00+01:00,144.31900024414062,144.41000366210938,144.197998046875,144.26100158691406
2024-10-02 11:00:00+01:00,144.26100158691406,144.85499572753906,144.06900024414062,144.79100036621094
2024-10-02 12:00:00+01:00,144.78599548339844,144.88900756835938,144.6179962158203,144.69900512695312
2024-10-02 13:00:00+01:00,144.7010040283203,145.44400024414062,144.67300415039062,145.3679962158203
2024-10-02 14:00:00+01:00,145.36599731445312,145.75399780273438,145.29400634765625,145.7449951171875
2024-10-02 15:00:00+01:00,145.74400329589844,146.26499938964844,145.57400512695312,146.1929931640625
2024-10-02 16:00:00+01:00,146.18899536132812,146.25599670410156,146.0260009765625,146.0449981689453
2024-10-02 17:00:00+01:00,146.04600524902344,146.16299438476562,145.90699768066406,146.0279998779297
2024-10-02 18:00:00+01:00,146.02699279785156,146.1929931640625,145.96200561523438,146.1699981689453
2024-10-02 19:00:00+01:00,146.1649932861328,146.3730010986328,146.16200256347656,146.33299255371094
2024-10-02 20:00:00+01:00,146.33200073242188,146.47799682617188,146.29299926757812,146.44200134277344
2024-10-02 21:00:00+01:00,146.4409942626953,146.51600646972656,146.36300659179688,146.4550018310547
2024-10-02 22:00:00+01:00,146.44400024414062,146.47000122070312,146.28599548339844,146.34500122070312
2024-10-02 23:00:00+01:00,146.34800720214844,146.91600036621094,146.2729949951172,146.57000732421875
2024-10-03 00:00:00+01:00,146.59100341796875,146.79400634765625,146.427001953125,146.5749969482422
2024-10-03 01:00:00+01:00,146.57699584960938,147.05999755859375,146.45799255371094,146.98800659179688
2024-10-03 02:00:00+01:00,146.98699951171875,147.23899841308594,146.79200744628906,146.8000030517578
2024-10-03 03:00:00+01:00,146.79800415039062,146.9219970703125,146.67799377441406,146.7760009765625
2024-10-03 04:00:00+01:00,146.77999877929688,146.96400451660156,146.76800537109375,146.85000610351562
2024-10-03 05:00:00+01:00,146.85000610351562,146.9320068359375,146.6719970703125,146.7220001220703
2024-10-03 06:00:00+01:00,146.7209930419922,146.81100463867188,146.531005859375,146.5570068359375
2024-10-03 07:00:00+01:00,146.54800415039062,146.77499389648438,146.468994140625,146.7220001220703
2024-10-03 08:00:00+01:00,146.72300720214844,146.85899353027344,146.29600524902344,146.4499969482422
2024-10-03 09:00:00+01:00,146.44700622558594,146.79200744628906,146.38699340820312,146.7449951171875
2024-10-03 10:00:00+01:00,146.7480010986328,146.98800659179688,146.74200439453125,146.9219970703125
2024-10-03 11:00:00+01:00,146.9219970703125,146.94500732421875,146.8159942626953,146.83200073242188
2024-10-03 12:00:00+01:00,146.8350067138672,146.9929962158203,146.58099365234375,146.66400146484375
2024-10-03 13:00:00+01:00,146.6649932861328,146.87100219726562,146.49099731445312,146.77200317382812
2024-10-03 14:00:00+01:00,146.77099609375,146.78700256347656,146.46800231933594,146.60800170898438
2024-10-03 15:00:00+01:00,146.5919952392578,147.17999267578125,146.5919952392578,146.7729949951172
2024-10-03 16:00:00+01:00,146.77000427246094,146.8459930419922,146.60000610351562,146.8260040283203
2024-10-03 17:00:00+01:00,146.82899475097656,146.927001953125,146.7030029296875,146.71600341796875
2024-10-03 18:00:00+01:00,146.71299743652344,146.71600341796875,146.57400512695312,146.6510009765625
2024-10-03 19:00:00+01:00,146.6490020751953,146.88499450683594,146.64500427246094,146.86900329589844
2024-10-03 20:00:00+01:00,146.86900329589844,146.88299560546875,146.75599670410156,146.85899353027344
2024-10-03 21:00:00+01:00,146.85899353027344,146.9669952392578,146.8489990234375,146.92100524902344
2024-10-03 22:00:00+01:00,146.90699768066406,146.9149932861328,146.75799560546875,146.85000610351562
2024-10-03 23:00:00+01:00,146.82899475097656,146.89700317382812,146.78700256347656,146.86099243164062
2024-10-04 00:00:00+01:00,146.8489990234375,146.85699462890625,146.71299743652344,146.8419952392578
2024-10-04 01:00:00+01:00,146.83999633789062,146.9320068359375,146.61000061035156,146.63999938964844
2024-10-04 02:00:00+01:00,146.63800048828125,146.677001953125,146.52099609375,146.55099487304688
2024-10-04 03:00:00+01:00,146.5489959716797,146.56500244140625,146.38800048828125,146.406005859375
2024-10-04 04:00:00+01:00,146.4080047607422,146.4980010986328,146.35000610351562,146.36900329589844
2024-10-04 05:00:00+01:00,146.3730010986328,146.38299560546875,146.14599609375,146.2270050048828
2024-10-04 06:00:00+01:00,146.2259979248047,146.3090057373047,145.91200256347656,146.08099365234375
2024-10-04 07:00:00+01:00,146.0850067138672,146.23300170898438,145.94400024414062,146.22000122070312
2024-10-04 08:00:00+01:00,146.218994140625,146.34100341796875,146.1739959716797,146.3040008544922
2024-10-04 09:00:00+01:00,146.2989959716797,146.41000366210938,146.2429962158203,146.33700561523438
2024-10-04 10:00:00+01:00,146.33599853515625,146.4770050048828,146.33399963378906,146.47300720214844
2024-10-04 11:00:00+01:00,146.4720001220703,146.56199645996094,146.41000366210938,146.4969940185547
2024-10-04 12:00:00+01:00,146.4929962158203,146.6300048828125,146.44000244140625,146.58799743652344
2024-10-04 13:00:00+01:00,146.5850067138672,148.69200134277344,146.42799377441406,148.64199829101562
2024-10-04 14:00:00+01:00,148.63699340820312,148.80599975585938,148.3159942626953,148.39999389648438
2024-10-04 15:00:00+01:00,148.40499877929688,148.56900024414062,148.3070068359375,148.4949951171875
2024-10-04 16:00:00+01:00,148.4969940185547,148.76100158691406,148.41600036621094,148.6959991455078
2024-10-04 17:00:00+01:00,148.6959991455078,149.0050048828125,148.6699981689453,148.93600463867188
2024-10-04 18:00:00+01:00,148.9320068359375,148.9530029296875,148.78399658203125,148.79299926757812
2024-10-04 19:00:00+01:00,148.78799438476562,148.88299560546875,148.75,148.87100219726562
2024-10-04 20:00:00+01:00,148.86399841308594,148.89500427246094,148.76300048828125,148.76800537109375
2024-10-04 21:00:00+01:00,148.76199340820312,148.77000427246094,148.6280059814453,148.6790008544922
2024-10-07 00:00:00+01:00,148.93600463867188,149.11300659179688,148.76800537109375,148.79400634765625
2024-10-07 01:00:00+01:00,148.79200744628906,148.79600524902344,148.35299682617188,148.42100524902344
2024-10-07 02:00:00+01:00,148.4250030517578,148.56700134277344,148.32000732421875,148.38099670410156
2024-10-07 03:00:00+01:00,148.38299560546875,148.58399963378906,148.2169952392578,148.5780029296875
2024-10-07 04:00:00+01:00,148.5800018310547,148.64700317382812,148.35299682617188,148.40199279785156
2024-10-07 05:00:00+01:00,148.4040069580078,148.5399932861328,148.33200073242188,148.53199768066406
2024-10-07 06:00:00+01:00,148.53399658203125,148.61599731445312,148.3990020751953,148.4290008544922
2024-10-07 07:00:00+01:00,148.42999267578125,148.54400634765625,148.33299255371094,148.38499450683594
2024-10-07 08:00:00+01:00,148.38299560546875,148.44700622558594,148.14700317382812,148.2729949951172
2024-10-07 09:00:00+01:00,148.2740020751953,148.35699462890625,148.0570068359375,148.31399536132812
2024-10-07 10:00:00+01:00,148.31300354003906,148.48899841308594,148.20799255371094,148.3419952392578
2024-10-07 11:00:00+01:00,148.34300231933594,148.6439971923828,148.28500366210938,148.63299560546875
2024-10-07 12:00:00+01:00,148.63499450683594,148.68499755859375,148.1719970703125,148.27099609375
2024-10-07 13:00:00+01:00,148.27099609375,148.27200317382812,148.02200317382812,148.1649932861328
2024-10-07 14:00:00+01:00,148.16600036621094,148.23500061035156,147.8300018310547,147.91700744628906
2024-10-07 15:00:00+01:00,147.91600036621094,148.24400329589844,147.87899780273438,148.22000122070312
2024-10-07 16:00:00+01:00,148.2209930419922,148.2790069580078,147.99400329589844,148.125
2024-10-07 17:00:00+01:00,148.12600708007812,148.1929931640625,147.98699951171875,148.0019989013672
2024-10-07 18:00:00+01:00,147.99899291992188,148.0469970703125,147.88099670410156,148.0189971923828
2024-10-07 19:00:00+01:00,148.0189971923828,148.10699462890625,147.94500732421875,148.1020050048828
2024-10-07 20:00:00+01:00,148.10299682617188,148.15899658203125,148.02099609375,148.072998046875
2024-10-07 21:00:00+01:00,148.07200622558594,148.20899963378906,148.05299377441406,148.1719970703125
2024-10-07 22:00:00+01:00,148.1719970703125,148.18600463867188,148.0959930419922,148.10699462890625
2024-10-07 23:00:00+01:00,148.1280059814453,148.22900390625,147.70799255371094,147.70799255371094
2024-10-08 00:00:00+01:00,147.6959991455078,148.15899658203125,147.67799377441406,148.12600708007812
2024-10-08 01:00:00+01:00,148.1300048828125,148.1909942626953,147.73800659179688,147.81500244140625
2024-10-08 02:00:00+01:00,147.822998046875,147.94000244140625,147.74600219726562,147.84300231933594
2024-10-08 03:00:00+01:00,147.83799743652344,147.85899353027344,147.50399780273438,147.68899536132812
2024-10-08 04:00:00+01:00,147.68899536132812,147.95899963378906,147.67999267578125,147.90499877929688
2024-10-08 05:00:00+01:00,147.91299438476562,148.10400390625,147.90199279785156,148.0749969482422
2024-10-08 06:00:00+01:00,148.0749969482422,148.16200256347656,147.83299255371094,147.9720001220703
2024-10-08 07:00:00+01:00,147.968994140625,148.1269989013672,147.83799743652344,147.98500061035156
2024-10-08 08:00:00+01:00,147.96299743652344,148.05999755859375,147.34100341796875,147.59100341796875
2024-10-08 09:00:00+01:00,147.58299255371094,147.8520050048828,147.5260009765625,147.83799743652344
2024-10-08 10:00:00+01:00,147.83599853515625,147.9550018310547,147.71600341796875,147.81900024414062
2024-10-08 11:00:00+01:00,147.8249969482422,147.99600219726562,147.77499389648438,147.8769989013672
2024-10-08 12:00:00+01:00,147.87600708007812,147.99899291992188,147.80499267578125,147.85299682617188
2024-10-08 13:00:00+01:00,147.8509979248047,148.17599487304688,147.84800720214844,148.03500366210938
2024-10-08 14:00:00+01:00,148.03199768066406,148.28599548339844,147.947998046875,148.24600219726562
2024-10-08 15:00:00+01:00,148.2530059814453,148.3350067138672,148.10699462890625,148.30799865722656
2024-10-08 16:00:00+01:00,148.31100463867188,148.36199951171875,148.1699981689453,148.2259979248047
2024-10-08 17:00:00+01:00,148.22300720214844,148.27099609375,148.03599548339844,148.14700317382812
2024-10-08 18:00:00+01:00,148.1529998779297,148.29299926757812,148.1479949951172,148.2449951171875
2024-10-08 19:00:00+01:00,148.24200439453125,148.36599731445312,148.1999969482422,148.35299682617188
2024-10-08 20:00:00+01:00,148.35000610351562,148.3820037841797,148.25799560546875,148.2830047607422
2024-10-08 21:00:00+01:00,148.2830047607422,148.322998046875,148.1529998779297,148.17999267578125
2024-10-08 22:00:00+01:00,148.1790008544922,148.22000122070312,148.14199829101562,148.2100067138672
2024-10-08 23:00:00+01:00,148.2270050048828,148.30499267578125,148.1820068359375,148.19000244140625
2024-10-09 00:00:00+01:00,148.19700622558594,148.31100463867188,148.1060028076172,148.13699340820312
2024-10-09 01:00:00+01:00,148.13999938964844,148.23300170898438,148.00599670410156,148.2209930419922
2024-10-09 02:00:00+01:00,148.2209930419922,148.43099975585938,148.1529998779297,148.1699981689453
2024-10-09 03:00:00+01:00,148.1699981689453,148.29600524902344,148.0709991455078,148.27099609375
2024-10-09 04:00:00+01:00,148.27099609375,148.34500122070312,148.177001953125,148.31700134277344
2024-10-09 05:00:00+01:00,148.31500244140625,148.36900329589844,148.27699279785156,148.33299255371094
2024-10-09 06:00:00+01:00,148.3350067138672,148.61199951171875,148.31100463867188,148.593994140625
2024-10-09 07:00:00+01:00,148.58999633789062,148.6529998779297,148.42100524902344,148.4429931640625
2024-10-09 08:00:00+01:00,148.4409942626953,148.56300354003906,148.25999450683594,148.54200744628906
2024-10-09 09:00:00+01:00,148.54100036621094,148.72900390625,148.4739990234375,148.718994140625
2024-10-09 10:00:00+01:00,148.71499633789062,148.7550048828125,148.55599975585938,148.61700439453125
2024-10-09 11:00:00+01:00,148.6179962158203,148.69400024414062,148.50399780273438,148.5970001220703
2024-10-09 12:00:00+01:00,148.60000610351562,148.73699951171875,148.50599670410156,148.7209930419922
2024-10-09 13:00:00+01:00,148.71800231933594,148.91700744628906,148.66700744628906,148.90499877929688
2024-10-09 14:00:00+01:00,148.90499877929688,149.1230010986328,148.80499267578125,149.11199951171875
2024-10-09 15:00:00+01:00,149.11399841308594,149.177001953125,149.02499389648438,149.14599609375
2024-10-09 16:00:00+01:00,149.14500427246094,149.26600646972656,149.06700134277344,149.197998046875
2024-10-09 17:00:00+01:00,149.1929931640625,149.3000030517578,149.18699645996094,149.2310028076172
2024-10-09 18:00:00+01:00,149.23399353027344,149.2949981689453,149.16700744628906,149.18499755859375
2024-10-09 19:00:00+01:00,149.1739959716797,149.36500549316406,149.14999389648438,149.3560028076172
2024-10-09 20:00:00+01:00,149.36099243164062,149.36399841308594,149.2310028076172,149.3209991455078
2024-10-09 21:00:00+01:00,149.32000732421875,149.3560028076172,149.28199768066406,149.29200744628906
2024-10-09 22:00:00+01:00,149.28799438476562,149.28799438476562,149.03799438476562,149.14199829101562
2024-10-09 23:00:00+01:00,149.1479949951172,149.2989959716797,149.13299560546875,149.23399353027344
2024-10-10 00:00:00+01:00,149.22799682617188,149.29299926757812,149.13600158691406,149.1580047607422
2024-10-10 01:00:00+01:00,149.1580047607422,149.2899932861328,148.9969940185547,149.21299743652344
2024-10-10 02:00:00+01:00,149.21200561523438,149.21400451660156,149.05799865722656,149.08799743652344
2024-10-10 03:00:00+01:00,149.08599853515625,149.22000122070312,149.0659942626953,149.2100067138672
2024-10-10 04:00:00+01:00,149.20799255371094,149.2259979248047,149.13800048828125,149.21800231933594
2024-10-10 05:00:00+01:00,149.2169952392578,149.54400634765625,149.2169952392578,149.3979949951172
2024-10-10 06:00:00+01:00,149.3990020751953,149.4720001220703,149.1999969482422,149.25900268554688
2024-10-10 07:00:00+01:00,149.25900268554688,149.25900268554688,149.04400634765625,149.11700439453125
2024-10-10 08:00:00+01:00,149.11399841308594,149.18499755859375,148.89999389648438,149.01400756835938
2024-10-10 09:00:00+01:00,149.01400756835938,149.2100067138672,148.98199462890625,149.0679931640625
2024-10-10 10:00:00+01:00,149.06500244140625,149.0970001220703,148.8260040283203,148.8820037841797
2024-10-10 11:00:00+01:00,148.87600708007812,148.93499755859375,148.77099609375,148.84500122070312
2024-10-10 12:00:00+01:00,148.84100341796875,149.0919952392578,148.83999633789062,148.9530029296875
2024-10-10 13:00:00+01:00,148.9530029296875,149.57200622558594,148.2259979248047,148.6060028076172
2024-10-10 14:00:00+01:00,148.6060028076172,148.76699829101562,148.39500427246094,148.56300354003906
2024-10-10 15:00:00+01:00,148.55799865722656,148.8780059814453,148.34500122070312,148.7169952392578
2024-10-10 16:00:00+01:00,148.71200561523438,148.82400512695312,148.43899536132812,148.56700134277344
2024-10-10 17:00:00+01:00,148.5659942626953,148.9600067138672,148.43699645996094,148.91900634765625
2024-10-10 18:00:00+01:00,148.91700744628906,149.08399963378906,148.7270050048828,148.81199645996094
2024-10-10 19:00:00+01:00,148.80999755859375,148.83900451660156,148.62600708007812,148.75100708007812
2024-10-10 20:00:00+01:00,148.75100708007812,148.7550048828125,148.48699951171875,148.56300354003906
2024-10-10 21:00:00+01:00,148.55999755859375,148.59300231933594,148.50900268554688,148.56199645996094
2024-10-10 22:00:00+01:00,148.5540008544922,148.5570068359375,148.47300720214844,148.51499938964844
2024-10-10 23:00:00+01:00,148.5229949951172,148.65199279785156,148.5,148.64100646972656
2024-10-11 00:00:00+01:00,148.65899658203125,148.74600219726562,148.55799865722656,148.7030029296875
2024-10-11 01:00:00+01:00,148.7010040283203,148.76199340820312,148.41200256347656,148.45899963378906
2024-10-11 02:00:00+01:00,148.45700073242188,148.79800415039062,148.39599609375,148.75999450683594
2024-10-11 03:00:00+01:00,148.7570037841797,148.77699279785156,148.63499450683594,148.66600036621094
2024-10-11 04:00:00+01:00,148.66600036621094,148.73399353027344,148.5760040283203,148.71099853515625
2024-10-11 05:00:00+01:00,148.7050018310547,148.76400756835938,148.66799926757812,148.70599365234375
2024-10-11 06:00:00+01:00,148.7100067138672,148.73199462890625,148.59800720214844,148.6909942626953
2024-10-11 07:00:00+01:00,148.68800354003906,148.85699462890625,148.65499877929688,148.69200134277344
2024-10-11 08:00:00+01:00,148.68899536132812,148.80999755859375,148.656005859375,148.7729949951172
2024-10-11 09:00:00+01:00,148.7740020751953,148.8260040283203,148.6649932861328,148.72999572753906
2024-10-11 10:00:00+01:00,148.73300170898438,148.95599365234375,148.72300720214844,148.93699645996094
2024-10-11 11:00:00+01:00,148.94200134277344,149.08299255371094,148.8990020751953,149.0540008544922
2024-10-11 12:00:00+01:00,149.0590057373047,149.14100646972656,148.99200439453125,149.00100708007812
2024-10-11 13:00:00+01:00,149.00399780273438,149.26100158691406,148.76800537109375,149.05799865722656
2024-10-11 14:00:00+01:00,149.06100463867188,149.177001953125,148.9720001220703,149.11199951171875
2024-10-11 15:00:00+01:00,149.0989990234375,149.2830047607422,148.98199462890625,149.2570037841797
2024-10-11 16:00:00+01:00,149.25799560546875,149.27000427246094,149.06199645996094,149.1219940185547
2024-10-11 17:00:00+01:00,149.12100219726562,149.1300048828125,148.9739990234375,148.9980010986328
2024-10-11 18:00:00+01:00,148.9949951171875,149.10499572753906,148.9499969482422,149.03199768066406
2024-10-11 19:00:00+01:00,149.031005859375,149.11000061035156,149.0279998779297,149.10800170898438
2024-10-11 20:00:00+01:00,149.10899353027344,149.14999389648438,149.0800018310547,149.13900756835938
2024-10-11 21:00:00+01:00,149.13900756835938,149.17599487304688,149.07000732421875,149.09100341796875
2024-10-11 22:00:00+01:00,149.08999633789062,149.08999633789062,149.08999633789062,149.08999633789062
2024-10-14 00:00:00+01:00,149.33299255371094,149.39100646972656,149.2239990234375,149.30499267578125
2024-10-14 01:00:00+01:00,149.30599975585938,149.36700439453125,149.13699340820312,149.2169952392578
2024-10-14 02:00:00+01:00,149.21400451660156,149.2779998779297,149.13900756835938,149.2100067138672
2024-10-14 03:00:00+01:00,149.20799255371094,149.3179931640625,149.1840057373047,149.31500244140625
2024-10-14 04:00:00+01:00,149.31700134277344,149.35299682617188,149.2530059814453,149.322998046875
2024-10-14 05:00:00+01:00,149.32699584960938,149.33799743652344,149.25399780273438,149.2830047607422
2024-10-14 06:00:00+01:00,149.28700256347656,149.3209991455078,149.16400146484375,149.2209930419922
2024-10-14 07:00:00+01:00,149.21800231933594,149.24099731445312,149.16400146484375,149.2050018310547
2024-10-14 08:00:00+01:00,149.2100067138672,149.39700317382812,149.18299865722656,149.35299682617188
2024-10-14 09:00:00+01:00,149.35800170898438,149.46800231933594,149.32000732421875,149.4199981689453
2024-10-14 10:00:00+01:00,149.42300415039062,149.42999267578125,149.33999633789062,149.39199829101562
2024-10-14 11:00:00+01:00,149.39500427246094,149.53900146484375,149.38999938964844,149.51499938964844
2024-10-14 12:00:00+01:00,149.51199340820312,149.7270050048828,149.5019989013672,149.63999938964844
2024-10-14 13:00:00+01:00,149.63299560546875,149.8000030517578,149.6219940185547,149.73399353027344
2024-10-14 14:00:00+01:00,149.73899841308594,149.8820037841797,149.68800354003906,149.78399658203125
2024-10-14 15:00:00+01:00,149.781005859375,149.9600067138672,149.781005859375,149.84100341796875
2024-10-14 16:00:00+01:00,149.83399963378906,149.89700317382812,149.7969970703125,149.822998046875
2024-10-14 17:00:00+01:00,149.82200622558594,149.9409942626953,149.80099487304688,149.92799377441406
2024-10-14 18:00:00+01:00,149.92599487304688,149.93800354003906,149.84500122070312,149.86900329589844
2024-10-14 19:00:00+01:00,149.8719940185547,149.9149932861328,149.8280029296875,149.9010009765625
2024-10-14 20:00:00+01:00,149.90199279785156,149.9810028076172,149.70399475097656,149.75799560546875
2024-10-14 21:00:00+01:00,149.76199340820312,149.79299926757812,149.70399475097656,149.73599243164062
2024-10-14 22:00:00+01:00,149.74600219726562,149.81399536132812,149.70700073242188,149.7550048828125
2024-10-14 23:00:00+01:00,149.75399780273438,149.78599548339844,149.7050018310547,149.7259979248047
2024-10-15 00:00:00+01:00,149.72999572753906,149.83700561523438,149.66299438476562,149.71499633789062
2024-10-15 01:00:00+01:00,149.71400451660156,149.74400329589844,149.52200317382812,149.5749969482422
2024-10-15 02:00:00+01:00,149.56900024414062,149.59800720214844,149.43499755859375,149.5229949951172
2024-10-15 03:00:00+01:00,149.5240020751953,149.71499633789062,149.49899291992188,149.61500549316406
2024-10-15 04:00:00+01:00,149.62100219726562,149.71800231933594,149.56500244140625,149.71099853515625
2024-10-15 05:00:00+01:00,149.7100067138672,149.75799560546875,149.66000366210938,149.67799377441406
2024-10-15 06:00:00+01:00,149.6739959716797,149.70199584960938,149.43699645996094,149.63900756835938
2024-10-15 07:00:00+01:00,149.63999938964844,149.63999938964844,149.30099487304688,149.3070068359375
2024-10-15 08:00:00+01:00,149.3070068359375,149.3350067138672,149.1649932861328,149.23399353027344
2024-10-15 09:00:00+01:00,149.22799682617188,149.2449951171875,149.03199768066406,149.1529998779297
2024-10-15 10:00:00+01:00,149.14999389648438,149.16799926757812,148.84500122070312,148.9040069580078
2024-10-15 11:00:00+01:00,148.89999389648438,149.1840057373047,148.8719940185547,149.1439971923828
2024-10-15 12:00:00+01:00,149.13900756835938,149.3730010986328,149.13800048828125,149.34800720214844
2024-10-15 13:00:00+01:00,149.3470001220703,149.41799926757812,148.99600219726562,149.0850067138672
2024-10-15 14:00:00+01:00,149.08299255371094,149.2480010986328,149.0679931640625,149.1840057373047
2024-10-15 15:00:00+01:00,149.18699645996094,149.343994140625,148.93299865722656,149.2310028076172
2024-10-15 16:00:00+01:00,149.22799682617188,149.31900024414062,149.16400146484375,149.2169952392578
2024-10-15 17:00:00+01:00,149.2209930419922,149.4810028076172,149.21800231933594,149.44900512695312
2024-10-15 18:00:00+01:00,149.44400024414062,149.54400634765625,149.42100524902344,149.427001953125
2024-10-15 19:00:00+01:00,149.4320068359375,149.4550018310547,149.23300170898438,149.27699279785156
2024-10-15 20:00:00+01:00,149.2760009765625,149.29100036621094,149.16000366210938,149.23899841308594
2024-10-15 21:00:00+01:00,149.24000549316406,149.2480010986328,149.1719970703125,149.18800354003906
2024-10-15 22:00:00+01:00,149.18600463867188,149.34100341796875,149.1510009765625,149.17799377441406
2024-10-15 23:00:00+01:00,149.1739959716797,149.26100158691406,149.1479949951172,149.23300170898438
2024-10-16 00:00:00+01:00,149.2259979248047,149.33799743652344,149.0659942626953,149.08700561523438
2024-10-16 01:00:00+01:00,149.08799743652344,149.28500366210938,149.0260009765625,149.2689971923828
2024-10-16 02:00:00+01:00,149.27000427246094,149.2989959716797,148.86000061035156,149.02699279785156
2024-10-16 03:00:00+01:00,149.0279998779297,149.11599731445312,148.947998046875,149.08700561523438
2024-10-16 04:00:00+01:00,149.0850067138672,149.2010040283203,149.0279998779297,149.17300415039062
2024-10-16 05:00:00+01:00,149.16799926757812,149.28700256347656,149.1280059814453,149.25999450683594
2024-10-16 06:00:00+01:00,149.26699829101562,149.37399291992188,149.1840057373047,149.35899353027344
2024-10-16 07:00:00+01:00,149.36000061035156,149.37399291992188,149.16400146484375,149.26699829101562
2024-10-16 08:00:00+01:00,149.25999450683594,149.48800659179688,149.16200256347656,149.4510040283203
2024-10-16 09:00:00+01:00,149.44700622558594,149.49000549316406,149.30299377441406,149.46299743652344
2024-10-16 10:00:00+01:00,149.4600067138672,149.4709930419922,149.17599487304688,149.2760009765625
2024-10-16 11:00:00+01:00,149.26800537109375,149.39100646972656,149.2100067138672,149.3820037841797
2024-10-16 12:00:00+01:00,149.38099670410156,149.4219970703125,149.1439971923828,149.1719970703125
2024-10-16 13:00:00+01:00,149.17300415039062,149.48199462890625,149.13900756835938,149.44400024414062
2024-10-16 14:00:00+01:00,149.4459991455078,149.53599548339844,149.20199584960938,149.31199645996094
2024-10-16 15:00:00+01:00,149.3070068359375,149.74600219726562,149.29299926757812,149.63600158691406
2024-10-16 16:00:00+01:00,149.6269989013672,149.7449951171875,149.5399932861328,149.7169952392578
2024-10-16 17:00:00+01:00,149.71499633789062,149.77499389648438,149.69000244140625,149.74099731445312
2024-10-16 18:00:00+01:00,149.7449951171875,149.79200744628906,149.71400451660156,149.75
2024-10-16 19:00:00+01:00,149.74899291992188,149.80099487304688,149.73899841308594,149.7760009765625
2024-10-16 20:00:00+01:00,149.77499389648438,149.8070068359375,149.71200561523438,149.71400451660156
2024-10-16 21:00:00+01:00,149.71400451660156,149.7259979248047,149.58700561523438,149.62100219726562
2024-10-16 22:00:00+01:00,149.6179962158203,149.6269989013672,149.53599548339844,149.5800018310547
2024-10-16 23:00:00+01:00,149.55999755859375,149.66000366210938,149.51600646972656,149.57000732421875
2024-10-17 00:00:00+01:00,149.5709991455078,149.66299438476562,149.51699829101562,149.56199645996094
2024-10-17 01:00:00+01:00,149.56199645996094,149.61700439453125,149.43099975585938,149.5399932861328
2024-10-17 02:00:00+01:00,149.54200744628906,149.56500244140625,149.29200744628906,149.37899780273438
2024-10-17 03:00:00+01:00,149.3769989013672,149.42100524902344,149.23800659179688,149.40899658203125
2024-10-17 04:00:00+01:00,149.40699768066406,149.57200622558594,149.40699768066406,149.55299377441406
2024-10-17 05:00:00+01:00,149.5489959716797,149.5749969482422,149.38800048828125,149.54100036621094
2024-10-17 06:00:00+01:00,149.53700256347656,149.56300354003906,149.4459991455078,149.51600646972656
2024-10-17 07:00:00+01:00,149.50999450683594,149.6479949951172,149.43699645996094,149.63099670410156
2024-10-17 08:00:00+01:00,149.62899780273438,149.79400634765625,149.6269989013672,149.7729949951172
2024-10-17 09:00:00+01:00,149.7760009765625,149.87100219726562,149.72799682617188,149.8350067138672
2024-10-17 10:00:00+01:00,149.8280029296875,149.83399963378906,149.60899353027344,149.63999938964844
2024-10-17 11:00:00+01:00,149.63900756835938,149.63999938964844,149.54400634765625,149.61900329589844
2024-10-17 12:00:00+01:00,149.6179962158203,149.6490020751953,149.48399353027344,149.52200317382812
2024-10-17 13:00:00+01:00,149.5240020751953,150.08299255371094,149.45899963378906,149.82899475097656
2024-10-17 14:00:00+01:00,149.82899475097656,149.9550018310547,149.63400268554688,149.77999877929688
2024-10-17 15:00:00+01:00,149.78700256347656,150.04600524902344,149.7220001220703,150.0229949951172
2024-10-17 16:00:00+01:00,150.02099609375,150.15199279785156,149.92999267578125,150.1280059814453
2024-10-17 17:00:00+01:00,150.1280059814453,150.2989959716797,150.11700439453125,150.21200561523438
2024-10-17 18:00:00+01:00,150.21099853515625,150.2570037841797,150.13699340820312,150.2469940185547
2024-10-17 19:00:00+01:00,150.24600219726562,150.27999877929688,150.18299865722656,150.27200317382812
2024-10-17 20:00:00+01:00,150.27699279785156,150.32200622558594,150.19000244140625,150.21499633789062
2024-10-17 21:00:00+01:00,150.22000122070312,150.2449951171875,150.18299865722656,150.1999969482422
2024-10-17 22:00:00+01:00,150.1999969482422,150.22999572753906,150.11900329589844,150.156005859375
2024-10-17 23:00:00+01:00,150.1510009765625,150.22500610351562,150.12399291992188,150.20399475097656
2024-10-18 00:00:00+01:00,150.20899963378906,150.28599548339844,150.06700134277344,150.1009979248047
2024-10-18 01:00:00+01:00,150.10299682617188,150.14999389648438,149.8939971923828,150.04800415039062
2024-10-18 02:00:00+01:00,150.04600524902344,150.06199645996094,149.86900329589844,150.00799560546875
2024-10-18 03:00:00+01:00,150.00900268554688,150.093994140625,149.89999389648438,149.9199981689453
2024-10-18 04:00:00+01:00,149.9239959716797,149.97300720214844,149.8489990234375,149.8939971923828
2024-10-18 05:00:00+01:00,149.88900756835938,150.01800537109375,149.86000061035156,149.8979949951172
2024-10-18 06:00:00+01:00,149.8990020751953,149.91600036621094,149.76400756835938,149.87899780273438
2024-10-18 07:00:00+01:00,149.88499450683594,150.01400756835938,149.7899932861328,149.95899963378906
2024-10-18 08:00:00+01:00,149.9600067138672,150.13699340820312,149.91299438476562,150.09500122070312
2024-10-18 09:00:00+01:00,150.093994140625,150.156005859375,149.88400268554688,149.9199981689453
2024-10-18 10:00:00+01:00,149.91900634765625,149.94500732421875,149.83299255371094,149.92100524902344
2024-10-18 11:00:00+01:00,149.91900634765625,149.97999572753906,149.572998046875,149.94000244140625
2024-10-18 12:00:00+01:00,149.93899536132812,150.10000610351562,149.91000366210938,150.0019989013672
2024-10-18 13:00:00+01:00,150.0,150.08299255371094,149.78199768066406,149.86099243164062
2024-10-18 14:00:00+01:00,149.86199951171875,149.9250030517578,149.68699645996094,149.73699951171875
2024-10-18 15:00:00+01:00,149.7310028076172,149.75100708007812,149.58399963378906,149.5989990234375
2024-10-18 16:00:00+01:00,149.6020050048828,149.6510009765625,149.50999450683594,149.5800018310547
2024-10-18 17:00:00+01:00,149.5800018310547,149.6320037841797,149.35800170898438,149.41600036621094
2024-10-18 18:00:00+01:00,149.41600036621094,149.6510009765625,149.40899658203125,149.59300231933594
2024-10-18 19:00:00+01:00,149.59300231933594,149.5959930419922,149.45199584960938,149.5279998779297
2024-10-18 20:00:00+01:00,149.52999877929688,149.56900024414062,149.45700073242188,149.52000427246094
2024-10-18 21:00:00+01:00,149.52000427246094,149.5749969482422,149.4409942626953,149.5030059814453
2024-10-18 22:00:00+01:00,149.48500061035156,149.48500061035156,149.48500061035156,149.48500061035156
2024-10-21 00:00:00+01:00,149.56399536132812,149.62600708007812,149.47500610351562,149.60400390625
2024-10-21 01:00:00+01:00,149.60400390625,149.61700439453125,149.2480010986328,149.3820037841797
2024-10-21 02:00:00+01:00,149.3800048828125,149.41000366210938,149.08900451660156,149.197998046875
2024-10-21 03:00:00+01:00,149.19900512695312,149.28599548339844,149.0919952392578,149.2259979248047
2024-10-21 04:00:00+01:00,149.22500610351562,149.24200439453125,149.0850067138672,149.22300720214844
2024-10-21 05:00:00+01:00,149.22300720214844,149.35800170898438,149.197998046875,149.3179931640625
2024-10-21 06:00:00+01:00,149.3209991455078,149.3719940185547,149.20700073242188,149.36199951171875
2024-10-21 07:00:00+01:00,149.36000061035156,149.64500427246094,149.29800415039062,149.6269989013672
2024-10-21 08:00:00+01:00,149.63099670410156,149.85499572753906,149.61599731445312,149.83099365234375
2024-10-21 09:00:00+01:00,149.83599853515625,149.9499969482422,149.8179931640625,149.94200134277344
2024-10-21 10:00:00+01:00,149.94200134277344,150.0919952392578,149.8159942626953,150.0570068359375
2024-10-21 11:00:00+01:00,150.0590057373047,150.07899475097656,149.88999938964844,149.94200134277344
2024-10-21 12:00:00+01:00,149.93800354003906,149.95899963378906,149.8560028076172,149.92300415039062
2024-10-21 13:00:00+01:00,149.91900634765625,150.031005859375,149.74200439453125,149.91700744628906
2024-10-21 14:00:00+01:00,149.92100524902344,150.14599609375,149.91600036621094,150.1269989013672
2024-10-21 15:00:00+01:00,150.12600708007812,150.27699279785156,150.08599853515625,150.23199462890625
2024-10-21 16:00:00+01:00,150.23800659179688,150.48500061035156,150.18899536132812,150.468994140625
2024-10-21 17:00:00+01:00,150.47300720214844,150.5590057373047,150.43499755859375,150.51800537109375
2024-10-21 18:00:00+01:00,150.51100158691406,150.79600524902344,150.4969940185547,150.74400329589844
2024-10-21 19:00:00+01:00,150.75,150.83399963378906,150.70799255371094,150.7760009765625
2024-10-21 20:00:00+01:00,150.7740020751953,150.83900451660156,150.7220001220703,150.77200317382812
2024-10-21 21:00:00+01:00,150.77200317382812,150.88699340820312,150.7550048828125,150.81700134277344
2024-10-21 22:00:00+01:00,150.82899475097656,150.83200073242188,150.59300231933594,150.70799255371094
2024-10-21 23:00:00+01:00,150.71499633789062,150.76600646972656,150.625,150.68600463867188
2024-10-22 00:00:00+01:00,150.6790008544922,150.7989959716797,150.593994140625,150.62100219726562
2024-10-22 01:00:00+01:00,150.61599731445312,150.76300048828125,150.57899475097656,150.6300048828125
2024-10-22 02:00:00+01:00,150.62899780273438,150.70599365234375,150.49000549316406,150.66000366210938
2024-10-22 03:00:00+01:00,150.6580047607422,150.84500122070312,150.6269989013672,150.83099365234375
2024-10-22 04:00:00+01:00,150.8300018310547,150.98500061035156,150.80799865722656,150.9219970703125
2024-10-22 05:00:00+01:00,150.9219970703125,151.10299682617188,150.843994140625,150.86900329589844
2024-10-22 06:00:00+01:00,150.8699951171875,150.9929962158203,150.7779998779297,150.843994140625
2024-10-22 07:00:00+01:00,150.84500122070312,150.87600708007812,150.6580047607422,150.8260040283203
2024-10-22 08:00:00+01:00,150.8260040283203,151.06100463867188,150.68800354003906,151.0
2024-10-22 09:00:00+01:00,151.0030059814453,151.03500366210938,150.78399658203125,150.98399353027344
2024-10-22 10:00:00+01:00,150.99099731445312,151.0240020751953,150.8000030517578,150.88400268554688
2024-10-22 11:00:00+01:00,150.88699340820312,150.9080047607422,150.74400329589844,150.84100341796875
2024-10-22 12:00:00+01:00,150.83999633789062,150.93699645996094,150.77699279785156,150.86300659179688
2024-10-22 13:00:00+01:00,150.86099243164062,150.9250030517578,150.76199340820312,150.91000366210938
2024-10-22 14:00:00+01:00,150.91000366210938,150.9510040283203,150.60000610351562,150.91900634765625
2024-10-22 15:00:00+01:00,150.9199981689453,151.072998046875,150.85000610351562,150.9770050048828
2024-10-22 16:00:00+01:00,150.97000122070312,151.14599609375,150.89599609375,151.10899353027344
2024-10-22 17:00:00+01:00,151.10400390625,151.1959991455078,151.04200744628906,151.05999755859375
2024-10-22 18:00:00+01:00,151.05999755859375,151.11700439453125,150.9459991455078,150.9739990234375
2024-10-22 19:00:00+01:00,150.97799682617188,151.07200622558594,150.89100646972656,151.05999755859375
2024-10-22 20:00:00+01:00,151.06399536132812,151.125,151.04800415039062,151.11900329589844
2024-10-22 21:00:00+01:00,151.1179962158203,151.15199279785156,151.0540008544922,151.06300354003906
2024-10-22 22:00:00+01:00,151.06199645996094,151.08599853515625,150.96200561523438,151.01699829101562
2024-10-22 23:00:00+01:00,151.0229949951172,151.0800018310547,150.99000549316406,151.06100463867188
2024-10-23 00:00:00+01:00,151.05999755859375,151.15899658203125,151.0399932861328,151.1479949951172
2024-10-23 01:00:00+01:00,151.1510009765625,151.47500610351562,151.1320037841797,151.46299743652344
2024-10-23 02:00:00+01:00,151.46299743652344,151.80499267578125,151.43600463867188,151.6439971923828
2024-10-23 03:00:00+01:00,151.64300537109375,151.78900146484375,151.6320037841797,151.74099731445312
2024-10-23 04:00:00+01:00,151.74099731445312,151.8300018310547,151.71600341796875,151.7469940185547
2024-10-23 05:00:00+01:00,151.7469940185547,152.13600158691406,151.7209930419922,152.07000732421875
2024-10-23 06:00:00+01:00,152.0709991455078,152.27099609375,152.01699829101562,152.1649932861328
2024-10-23 07:00:00+01:00,152.16600036621094,152.37899780273438,152.11199951171875,152.29299926757812
2024-10-23 08:00:00+01:00,152.29200744628906,152.5570068359375,152.26600646972656,152.36900329589844
2024-10-23 09:00:00+01:00,152.36900329589844,152.5489959716797,152.31399536132812,152.4149932861328
2024-10-23 10:00:00+01:00,152.41700744628906,152.76100158691406,152.40499877929688,152.7239990234375
2024-10-23 11:00:00+01:00,152.7209930419922,152.8769989013672,152.60000610351562,152.81900024414062
2024-10-23 12:00:00+01:00,152.82400512695312,153.07699584960938,152.75799560546875,153.0540008544922
2024-10-23 13:00:00+01:00,153.0500030517578,153.18699645996094,152.9080047607422,153.06900024414062
2024-10-23 14:00:00+01:00,153.0679931640625,153.08399963378906,152.8350067138672,153.06100463867188
2024-10-23 15:00:00+01:00,153.06500244140625,153.11000061035156,152.91700744628906,153.02499389648438
2024-10-23 16:00:00+01:00,153.02499389648438,153.05099487304688,152.7530059814453,152.81900024414062
2024-10-23 17:00:00+01:00,152.8209991455078,152.9340057373047,152.81300354003906,152.85899353027344
2024-10-23 18:00:00+01:00,152.85899353027344,152.90899658203125,152.76400756835938,152.7729949951172
2024-10-23 19:00:00+01:00,152.77200317382812,152.7760009765625,152.46200561523438,152.66299438476562
2024-10-23 20:00:00+01:00,152.66299438476562,152.6959991455078,152.5500030517578,152.5919952392578
2024-10-23 21:00:00+01:00,152.59100341796875,152.76499938964844,152.54800415039062,152.7449951171875
2024-10-23 22:00:00+01:00,152.7480010986328,152.7480010986328,152.62399291992188,152.65499877929688
2024-10-23 23:00:00+01:00,152.65499877929688,152.82699584960938,152.65499877929688,152.75599670410156
2024-10-24 00:00:00+01:00,152.7480010986328,152.7989959716797,152.6020050048828,152.76699829101562
2024-10-24 01:00:00+01:00,152.76400756835938,152.77000427246094,152.51300048828125,152.63400268554688
2024-10-24 02:00:00+01:00,152.63400268554688,152.79200744628906,152.6020050048828,152.6750030517578
2024-10-24 03:00:00+01:00,152.677001953125,152.6959991455078,152.33599853515625,152.427001953125
2024-10-24 04:00:00+01:00,152.427001953125,152.51800537109375,152.3470001220703,152.39700317382812
2024-10-24 05:00:00+01:00,152.39199829101562,152.3979949951172,152.10499572753906,152.2100067138672
2024-10-24 06:00:00+01:00,152.21200561523438,152.38900756835938,152.1959991455078,152.38900756835938
2024-10-24 07:00:00+01:00,152.3820037841797,152.38600158691406,152.04400634765625,152.0540008544922
2024-10-24 08:00:00+01:00,152.05099487304688,152.31700134277344,152.0229949951172,152.1269989013672
2024-10-24 09:00:00+01:00,152.13600158691406,152.2480010986328,151.9149932861328,152.00799560546875
2024-10-24 10:00:00+01:00,152.0070037841797,152.0760040283203,151.82400512695312,151.98899841308594
2024-10-24 11:00:00+01:00,151.98599243164062,151.99000549316406,151.8179931640625,151.85499572753906
2024-10-24 12:00:00+01:00,151.85000610351562,152.07400512695312,151.75999450683594,152.04600524902344
2024-10-24 13:00:00+01:00,152.04800415039062,152.32200622558594,151.83200073242188,152.05299377441406
2024-10-24 14:00:00+01:00,152.0489959716797,152.33299255371094,151.93699645996094,152.1999969482422
2024-10-24 15:00:00+01:00,152.19900512695312,152.2790069580078,151.843994140625,151.92599487304688
2024-10-24 16:00:00+01:00,151.92300415039062,151.9770050048828,151.7790069580078,151.8719940185547
2024-10-24 17:00:00+01:00,151.86900329589844,151.88400268554688,151.6540069580078,151.68699645996094
2024-10-24 18:00:00+01:00,151.68699645996094,151.78399658203125,151.54600524902344,151.6230010986328
2024-10-24 19:00:00+01:00,151.62399291992188,151.85299682617188,151.61199951171875,151.81700134277344
2024-10-24 20:00:00+01:00,151.82000732421875,151.90199279785156,151.82000732421875,151.83200073242188
2024-10-24 21:00:00+01:00,151.83999633789062,151.86900329589844,151.78599548339844,151.81199645996094
2024-10-24 22:00:00+01:00,151.81399536132812,151.89199829101562,151.75900268554688,151.79800415039062
2024-10-24 23:00:00+01:00,151.7989959716797,151.8280029296875,151.677001953125,151.69500732421875
2024-10-25 00:00:00+01:00,151.68800354003906,151.81700134277344,151.5760040283203,151.78799438476562
2024-10-25 01:00:00+01:00,151.78399658203125,152.1060028076172,151.7480010986328,152.01199340820312
2024-10-25 02:00:00+01:00,152.0,152.06500244140625,151.79100036621094,151.83799743652344
2024-10-25 03:00:00+01:00,151.84500122070312,151.89100646972656,151.73300170898438,151.83399963378906
2024-10-25 04:00:00+01:00,151.8280029296875,151.90499877929688,151.81199645996094,151.84500122070312
2024-10-25 05:00:00+01:00,151.85800170898438,151.8699951171875,151.6060028076172,151.7010040283203
2024-10-25 06:00:00+01:00,151.6999969482422,151.7469940185547,151.45199584960938,151.7270050048828
2024-10-25 07:00:00+01:00,151.73199462890625,152.00599670410156,151.6739959716797,151.86300659179688
2024-10-25 08:00:00+01:00,151.86300659179688,152.0399932861328,151.81900024414062,151.9510040283203
2024-10-25 09:00:00+01:00,151.947998046875,152.0590057373047,151.91600036621094,151.96099853515625
2024-10-25 10:00:00+01:00,151.96499633789062,152.09500122070312,151.906005859375,152.00100708007812
2024-10-25 11:00:00+01:00,152.0019989013672,152.02699279785156,151.86000061035156,151.89300537109375
2024-10-25 12:00:00+01:00,151.89599609375,151.93800354003906,151.69200134277344,151.79299926757812
2024-10-25 13:00:00+01:00,151.78799438476562,152.09300231933594,151.78799438476562,151.91799926757812
2024-10-25 14:00:00+01:00,151.91600036621094,152.16200256347656,151.83200073242188,152.04400634765625
2024-10-25 15:00:00+01:00,152.01600646972656,152.1179962158203,151.90199279785156,152.0260009765625
2024-10-25 16:00:00+01:00,152.0279998779297,152.14300537109375,151.9199981689453,152.07899475097656
2024-10-25 17:00:00+01:00,152.08200073242188,152.22999572753906,152.0500030517578,152.1929931640625
2024-10-25 18:00:00+01:00,152.1959991455078,152.29600524902344,152.08900451660156,152.16000366210938
2024-10-25 19:00:00+01:00,152.16299438476562,152.281005859375,152.0919952392578,152.24000549316406
2024-10-25 20:00:00+01:00,152.2469940185547,152.3800048828125,152.23399353027344,152.25999450683594
2024-10-25 21:00:00+01:00,152.2550048828125,152.35400390625,152.177001953125,152.29800415039062
2024-10-28 00:00:00+00:00,152.9550018310547,153.4810028076172,152.76499938964844,153.46299743652344
2024-10-28 01:00:00+00:00,153.45899963378906,153.8820037841797,153.43499755859375,153.843994140625
2024-10-28 02:00:00+00:00,153.8470001220703,153.85699462890625,153.5240020751953,153.57699584960938
2024-10-28 03:00:00+00:00,153.572998046875,153.69700622558594,153.4929962158203,153.62600708007812
2024-10-28 04:00:00+00:00,153.6269989013672,153.6540069580078,153.37399291992188,153.64300537109375
2024-10-28 05:00:00+00:00,153.64300537109375,153.7469940185547,153.48899841308594,153.53900146484375
2024-10-28 06:00:00+00:00,153.53700256347656,153.56100463867188,153.22999572753906,153.40899658203125
2024-10-28 07:00:00+00:00,153.41099548339844,153.531005859375,153.156005859375,153.3260040283203
2024-10-28 08:00:00+00:00,153.35000610351562,153.4290008544922,153.16200256347656,153.17799377441406
2024-10-28 09:00:00+00:00,153.1739959716797,153.1909942626953,152.8979949951172,152.9290008544922
2024-10-28 10:00:00+00:00,152.9290008544922,152.9290008544922,152.44400024414062,152.53199768066406
2024-10-28 11:00:00+00:00,152.5330047607422,152.73699951171875,152.4669952392578,152.68299865722656
2024-10-28 12:00:00+00:00,152.72799682617188,152.73199462890625,152.4029998779297,152.6219940185547
2024-10-28 13:00:00+00:00,152.6230010986328,152.76499938964844,152.57400512695312,152.7519989013672
2024-10-28 14:00:00+00:00,152.75599670410156,153.06500244140625,152.74200439453125,152.94400024414062
2024-10-28 15:00:00+00:00,152.9499969482422,153.23500061035156,152.83999633789062,153.21299743652344
2024-10-28 16:00:00+00:00,153.20599365234375,153.28199768066406,153.1269989013672,153.25999450683594
2024-10-28 17:00:00+00:00,153.2570037841797,153.30799865722656,153.197998046875,153.2760009765625
2024-10-28 18:00:00+00:00,153.2779998779297,153.3769989013672,153.22799682617188,153.26199340820312
2024-10-28 19:00:00+00:00,153.26199340820312,153.26699829101562,153.19400024414062,153.22799682617188
2024-10-28 20:00:00+00:00,153.22900390625,153.302001953125,153.19500732421875,153.2760009765625
2024-10-28 21:00:00+00:00,153.27499389648438,153.2899932861328,153.17599487304688,153.20599365234375
2024-10-28 22:00:00+00:00,153.2220001220703,153.35899353027344,153.2030029296875,153.3040008544922
2024-10-28 23:00:00+00:00,153.2989959716797,153.322998046875,153.16099548339844,153.177001953125
2024-10-29 00:00:00+00:00,153.13900756835938,153.24200439453125,152.89199829101562,153.01199340820312
2024-10-29 01:00:00+00:00,153.01199340820312,153.13299560546875,152.85800170898438,152.93600463867188
2024-10-29 02:00:00+00:00,152.93800354003906,153.05099487304688,152.843994140625,152.99200439453125
2024-10-29 03:00:00+00:00,152.99200439453125,153.16299438476562,152.94000244140625,153.03700256347656
2024-10-29 04:00:00+00:00,153.03700256347656,153.04600524902344,152.8679962158203,152.92100524902344
2024-10-29 05:00:00+00:00,152.91900634765625,152.95700073242188,152.75,152.8280029296875
2024-10-29 06:00:00+00:00,152.83599853515625,153.0709991455078,152.83099365234375,152.9980010986328
2024-10-29 07:00:00+00:00,152.9969940185547,153.2779998779297,152.99600219726562,153.16600036621094
2024-10-29 08:00:00+00:00,153.23199462890625,153.447998046875,153.15499877929688,153.39500427246094
